,assignment_status,proportion
0,unassigned_pre,0.020714608774310268
1,assigned_post,0.018995929443690638
2,unassigned_post,0.0017186793306196292
